{
  "R404A": {
    "temperature_C": [-40, -30, -20, -10, 0, 10, 20, 30, 40],
    "pressure_bar": [1.30975166, 2.02232397, 3.00192041, 4.30764777, 6.00330352, 8.15748286, 10.84414254, 14.14385859, 18.14647406],
    "density_liquid": [1289.18, 1257.16, 1223.87, 1188.95, 1151.97, 1112.35, 1069.23, 1021.35, 966.64],
    "density_vapor": [15.1, 18.0, 22.0, 26.3, 31.3, 36.8, 42.7, 49.2, 56.2],
    "enthalpy_liquid": [144.75, 157.59, 170.68, 184.06, 197.8, 211.95, 226.62, 241.94, 258.12],
    "enthalpy_vapor": [342.04, 347.95, 353.67, 359.16, 364.33, 369.08, 373.25, 376.65, 378.94],
    "bubblepoint_C": [-40.72, -30.66, -20.61, -10.56, -0.51, 9.53, 19.57, 29.62, 39.66]
  },
  "R134a": {
    "temperature_C": [-30, -20, -10, 0, 10, 20, 30, 40, 50],
    "pressure_bar": [1.21, 1.68, 2.39, 3.18, 4.17, 5.37, 6.77, 8.4, 10.3],
    "density_liquid": [1300, 1270, 1240, 1210, 1180, 1150, 1120, 1090, 1060],
    "density_vapor": [14.5, 17.3, 20.5, 24.0, 28.0, 32.6, 37.6, 43.2, 49.3],
    "enthalpy_liquid": [210, 220, 230, 240, 250, 260, 270, 280, 290],
    "enthalpy_vapor": [390, 400, 410, 420, 430, 440, 450, 460, 470]
  },
  "R407F": {
    "temperature_C": [-30, -20, -10, 0, 10, 20, 30, 40, 50],
    "pressure_bar": [1.62, 2.33, 3.25, 4.48, 6.06, 8.02, 10.4, 13.3, 16.7],
    "density_liquid": [1180, 1150, 1120, 1090, 1060, 1030, 1000, 970, 940],
    "density_vapor": [16.0, 19.0, 23.0, 27.0, 32.0, 37.0, 42.0, 48.0, 54.0],
    "enthalpy_liquid": [205, 215, 225, 235, 245, 255, 265, 275, 285],
    "enthalpy_vapor": [375, 385, 395, 405, 415, 425, 435, 445, 455]
  },
  "R744": {
    "temperature_C": [-50, -40, -30, -20, -10, 0, 10, 20],
    "pressure_bar": [5.18, 6.61, 8.3, 10.36, 12.95, 16.1, 19.8, 24.1],
    "density_liquid": [1100, 1070, 1040, 1010, 980, 950, 920, 890],
    "density_vapor": [20, 24, 28, 33, 39, 45, 52, 60],
    "enthalpy_liquid": [150, 160, 170, 180, 190, 200, 210, 220],
    "enthalpy_vapor": [310, 320, 330, 340, 350, 360, 370, 380]
  },
  "R410A": {
    "temperature_C": [-30, -20, -10, 0, 10, 20, 30, 40, 50],
    "pressure_bar": [3.04, 4.36, 6.15, 8.49, 11.46, 15.12, 19.55, 24.84, 31.07],
    "density_liquid": [1090, 1060, 1030, 1000, 970, 940, 910, 880, 850],
    "density_vapor": [21, 25, 30, 35, 41, 47, 53, 60, 67],
    "enthalpy_liquid": [220, 230, 240, 250, 260, 270, 280, 290, 300],
    "enthalpy_vapor": [400, 410, 420, 430, 440, 450, 460, 470, 480]
  },
  "R407C": {
    "temperature_C": [-30, -20, -10, 0, 10, 20, 30, 40, 50],
    "pressure_bar": [1.58, 2.27, 3.16, 4.38, 6.01, 8.10, 10.70, 13.80, 17.30],
    "density_liquid": [1200, 1170, 1140, 1110, 1080, 1050, 1020, 990, 960],
    "density_vapor": [16.5, 19.5, 23.5, 28.0, 33.0, 39.0, 45.0, 52.0, 59.0],
    "enthalpy_liquid": [210, 220, 230, 240, 250, 260, 270, 280, 290],
    "enthalpy_vapor": [380, 390, 400, 410, 420, 430, 440, 450, 460]
  },
  "R507A": {
    "temperature_C": [-40, -30, -20, -10, 0, 10, 20, 30, 40],
    "pressure_bar": [1.51, 2.18, 3.09, 4.27, 5.80, 7.80, 10.20, 13.10, 16.40],
    "density_liquid": [1210, 1180, 1150, 1120, 1090, 1060, 1030, 1000, 970],
    "density_vapor": [15.3, 18.2, 22.3, 26.6, 31.7, 37.1, 43.1, 49.5, 56.4],
    "enthalpy_liquid": [205, 215, 225, 235, 245, 255, 265, 275, 285],
    "enthalpy_vapor": [385, 395, 405, 415, 425, 435, 445, 455, 465]
  },
  "R448A": {
    "temperature_C": [-30, -20, -10, 0, 10, 20, 30, 40],
    "pressure_bar": [1.79, 2.58, 3.61, 4.95, 6.69, 8.90, 11.70, 15.10],
    "density_liquid": [1160, 1130, 1100, 1070, 1040, 1010, 980, 950],
    "density_vapor": [17, 20, 24, 29, 34, 39, 45, 51],
    "enthalpy_liquid": [210, 220, 230, 240, 250, 260, 270, 280],
    "enthalpy_vapor": [390, 400, 410, 420, 430, 440, 450, 460]
  },
  "R449A": {
    "temperature_C": [-30, -20, -10, 0, 10, 20, 30, 40],
    "pressure_bar": [1.76, 2.54, 3.56, 4.89, 6.61, 8.80, 11.60, 14.90],
    "density_liquid": [1170, 1140, 1110, 1080, 1050, 1020, 990, 960],
    "density_vapor": [17, 20, 24, 28, 33, 38, 44, 50],
    "enthalpy_liquid": [208, 218, 228, 238, 248, 258, 268, 278],
    "enthalpy_vapor": [388, 398, 408, 418, 428, 438, 448, 458]
  },
  "R22": {
    "temperature_C": [-40, -30, -20, -10, 0, 10, 20, 30, 40],
    "pressure_bar": [1.14, 1.65, 2.32, 3.21, 4.36, 5.84, 7.71, 10.0, 12.7],
    "density_liquid": [1380, 1350, 1320, 1290, 1260, 1230, 1200, 1170, 1140],
    "density_vapor": [11, 13, 16, 19, 23, 27, 32, 37, 43],
    "enthalpy_liquid": [180, 190, 200, 210, 220, 230, 240, 250, 260],
    "enthalpy_vapor": [360, 370, 380, 390, 400, 410, 420, 430, 440]
  },
  "R32": {
    "temperature_C": [-30, -20, -10, 0, 10, 20, 30, 40],
    "pressure_bar": [2.63, 3.70, 5.07, 6.80, 9.00, 11.80, 15.20, 19.30],
    "density_liquid": [1010, 990, 970, 950, 930, 910, 890, 870],
    "density_vapor": [18, 22, 27, 32, 38, 44, 51, 59],
    "enthalpy_liquid": [220, 230, 240, 250, 260, 270, 280, 290],
    "enthalpy_vapor": [410, 420, 430, 440, 450, 460, 470, 480]
  },
  "R454A": {
    "temperature_C": [-30, -20, -10, 0, 10, 20, 30, 40],
    "pressure_bar": [1.38, 1.99, 2.81, 3.89, 5.29, 7.09, 9.38, 12.30],
    "density_liquid": [1100, 1075, 1050, 1025, 1000, 975, 950, 925],
    "density_vapor": [15, 18, 22, 26, 31, 36, 41, 47],
    "enthalpy_liquid": [215, 225, 235, 245, 255, 265, 275, 285],
    "enthalpy_vapor": [395, 405, 415, 425, 435, 445, 455, 465]
  }
}
