{
  "R404A": {
    "temperature_C": [-40, -30, -20, -10, 0, 10, 20, 30, 40],
    "pressure_bar": [1.30975166, 2.02232397, 3.00192041, 4.30764777, 6.00330352, 8.15748286, 10.84414254, 14.14385859, 18.14647406],
    "density_liquid": [1289.18, 1257.16, 1223.87, 1188.95, 1151.97, 1112.35, 1069.23, 1021.35, 966.64],
    "density_vapor": [6.98, 10.55, 15.41, 21.9, 30.47, 41.66, 56.31, 75.61, 101.57],
    "enthalpy_liquid": [144.75, 157.59, 170.68, 184.06, 197.8, 211.95, 226.62, 241.94, 258.12],
    "enthalpy_vapor": [342.04, 347.95, 353.67, 359.16, 364.33, 369.08, 373.25, 376.65, 378.94],
    "enthalpy_super": [350.12, 356.41, 362.55, 368.51, 374.21, 379.58, 384.54, 388.97, 392.72],
    "bubblepoint_C": [-40.72, -30.66, -20.61, -10.56, -0.51, 9.53, 19.57, 29.62, 39.66]
  },
  "R134a": {
    "temperature_C": [-40, -30, -20, -10, 0, 10, 20, 30, 40, 50],
    "pressure_bar": [0.51208976, 0.84377743, 1.32734979, 2.00603307, 2.92803182, 4.14607467, 5.71706909, 7.70196303, 10.16593022, 13.1790549],
    "density_liquid": [1417.7, 1388.4, 1358.27, 1327.13, 1294.78, 1260.96, 1225.33, 1187.46, 1146.74, 1102.31],
    "density_vapor": [2.77, 4.43, 6.78, 10.04, 14.43, 20.23, 27.78, 37.54, 50.09, 66.27],
    "enthalpy_liquid": [148.14, 160.79, 173.64, 186.7, 200, 213.58, 227.47, 241.72, 256.41, 271.62],
    "enthalpy_vapor": [374, 380.32, 386.55, 392.66, 398.6, 404.32, 409.75, 414.82, 419.43, 423.44],
    "enthalpy_super": [381.53, 388.15, 394.71, 401.18, 407.51, 413.67, 419.6, 425.24, 430.54, 435.39],
    "bubblepoint_C": [-40, -30, -20, -10, 0, 10, 20, 30, 40, 50]
  },
  "R407F": {
    "temperature_C": [-40, -30, -20, -10, 0, 10, 20, 30, 40, 50],
    "pressure_bar": [0.99634444, 1.6009297, 2.46157446, 3.64436099, 5.22218397, 7.27465688, 9.8885883, 13.15922015, 17.19284935, 22.1122955],
    "density_liquid": [1373.51, 1341.71, 1308.85, 1274.68, 1238.85, 1200.94, 1160.36, 1116.31, 1067.55, 1012.17],
    "density_vapor": [4.4, 6.88, 10.36, 15.11, 21.47, 29.85, 40.82, 55.18, 74.09, 99.48],
    "enthalpy_liquid": [137.01, 150.62, 164.45, 178.52, 192.9, 207.67, 222.9, 238.72, 255.3, 272.9],
    "enthalpy_vapor": [394.48, 400.07, 405.41, 410.46, 415.14, 419.37, 423.04, 425.97, 427.94, 428.57],
    "enthalpy_super": [402.31, 408.27, 414.04, 419.55, 424.76, 429.6, 433.98, 437.8, 440.92, 443.15],
    "bubblepoint_C": [-46.4, -36.23, -26.04, -15.85, -5.64, 4.59, 14.85, 25.14, 35.48, 45.9]
  },
  "R744": {
    "temperature_C": [-50, -40, -30, -20, -10, 0, 10, 15, 20, 25, 27, 29, 30],
    "pressure_bar": [6.82341615, 10.04495728, 14.27761693, 19.69628002, 26.48676671, 34.85140758, 45.02182914, 50.87147358, 57.29052582, 64.34244251, 67.36148578, 70.5088742, 72.13687382],
    "density_liquid": [1154.56, 1116.43, 1075.73, 1031.66, 982.93, 927.43, 861.12, 821.21, 773.39, 710.5, 676.36, 629.36, 593.31],
    "density_vapor": [17.92, 26.12, 37.1, 51.7, 71.18, 97.65, 135.16, 160.73, 194.2, 242.73, 271.01, 312.03, 345.1],
    "enthalpy_liquid": [92.94, 112.9, 133.34, 154.45, 176.52, 200, 225.73, 239.99, 255.87, 274.78, 284.14, 296.07, 304.55],
    "enthalpy_vapor": [432.68, 435.32, 436.82, 436.89, 435.14, 430.89, 422.88, 416.64, 407.87, 394.43, 386.39, 374.61, 365.13],
    "enthalpy_super": [442.05, 445.42, 447.84, 449.13, 449.08, 447.38, 443.58, 440.73, 437.1, 432.59, 430.51, 428.23, 427.02],
    "bubblepoint_C": [-50, -40, -30, -20, -10, 0, 10, 15, 20, 25, 27, 29, 30]
  },
  "R410A": {
    "temperature_C": [-40, -30, -20, -10, 0, 10, 20, 30, 40, 50],
    "pressure_bar": [, , , , , , , , , ],
    "density_liquid": [, , , , , , , , , ],
    "density_vapor": [, , , , , , , , , ],
    "enthalpy_liquid": [, , , , , , , , , ],
    "enthalpy_vapor": [, , , , , , , , , ],
    "enthalpy_super": [, , , , , , , , , ],
    "bubblepoint_C": [, , , , , , , , , ]
  },
  "R407C": {
    "temperature_C": [-40, -30, -20, -10, 0, 10, 20, 30, 40, 50],
    "pressure_bar": [, , , , , , , , , ],
    "density_liquid": [, , , , , , , , , ],
    "density_vapor": [, , , , , , , , , ],
    "enthalpy_liquid": [, , , , , , , , , ],
    "enthalpy_vapor": [, , , , , , , , , ],
    "enthalpy_super": [, , , , , , , , , ],
    "bubblepoint_C": [, , , , , , , , , ]
  },
  "R507A": {
    "temperature_C": [-40, -30, -20, -10, 0, 10, 20, 30, 40, 50],
    "pressure_bar": [, , , , , , , , , ],
    "density_liquid": [, , , , , , , , , ],
    "density_vapor": [, , , , , , , , , ],
    "enthalpy_liquid": [, , , , , , , , , ],
    "enthalpy_vapor": [, , , , , , , , , ],
    "enthalpy_super": [, , , , , , , , , ],
    "bubblepoint_C": [, , , , , , , , , ]
  },
  "R448A": {
    "temperature_C": [-40, -30, -20, -10, 0, 10, 20, 30, 40, 50],
    "pressure_bar": [, , , , , , , , , ],
    "density_liquid": [, , , , , , , , , ],
    "density_vapor": [, , , , , , , , , ],
    "enthalpy_liquid": [, , , , , , , , , ],
    "enthalpy_vapor": [, , , , , , , , , ],
    "enthalpy_super": [, , , , , , , , , ],
    "bubblepoint_C": [, , , , , , , , , ]
  },
  "R449A": {
    "temperature_C": [-40, -30, -20, -10, 0, 10, 20, 30, 40, 50],
    "pressure_bar": [, , , , , , , , , ],
    "density_liquid": [, , , , , , , , , ],
    "density_vapor": [, , , , , , , , , ],
    "enthalpy_liquid": [, , , , , , , , , ],
    "enthalpy_vapor": [, , , , , , , , , ],
    "enthalpy_super": [, , , , , , , , , ],
    "bubblepoint_C": [, , , , , , , , , ]
  },
  "R22": {
    "temperature_C": [-40, -30, -20, -10, 0, 10, 20, 30, 40, 50],
    "pressure_bar": [, , , , , , , , , ],
    "density_liquid": [, , , , , , , , , ],
    "density_vapor": [, , , , , , , , , ],
    "enthalpy_liquid": [, , , , , , , , , ],
    "enthalpy_vapor": [, , , , , , , , , ],
    "enthalpy_super": [, , , , , , , , , ],
    "bubblepoint_C": [, , , , , , , , , ]
  },
  "R32": {
    "temperature_C": [-40, -30, -20, -10, 0, 10, 20, 30, 40, 50],
    "pressure_bar": [, , , , , , , , , ],
    "density_liquid": [, , , , , , , , , ],
    "density_vapor": [, , , , , , , , , ],
    "enthalpy_liquid": [, , , , , , , , , ],
    "enthalpy_vapor": [, , , , , , , , , ],
    "enthalpy_super": [, , , , , , , , , ],
    "bubblepoint_C": [, , , , , , , , , ]
  },
  "R454A": {
    "temperature_C": [-40, -30, -20, -10, 0, 10, 20, 30, 40, 50],
    "pressure_bar": [, , , , , , , , , ],
    "density_liquid": [, , , , , , , , , ],
    "density_vapor": [, , , , , , , , , ],
    "enthalpy_liquid": [, , , , , , , , , ],
    "enthalpy_vapor": [, , , , , , , , , ],
    "enthalpy_super": [, , , , , , , , , ],
    "bubblepoint_C": [, , , , , , , , , ]
  }
}
