{
  "R404A": {
    "temperature_C": [-40, -30, -20, -10, 0, 10, 20, 30, 40],
    "pressure_bar": [1.30975166, 2.02232397, 3.00192041, 4.30764777, 6.00330352, 8.15748286, 10.84414254, 14.14385859, 18.14647406],
    "density_liquid": [1289.18, 1257.16, 1223.87, 1188.95, 1151.97, 1112.35, 1069.23, 1021.35, 966.64],
    "density_vapor": [6.98, 10.55, 15.41, 21.9, 30.47, 41.66, 56.31, 75.61, 101.57],
    "enthalpy_liquid": [144.75, 157.59, 170.68, 184.06, 197.8, 211.95, 226.62, 241.94, 258.12],
    "enthalpy_vapor": [342.04, 347.95, 353.67, 359.16, 364.33, 369.08, 373.25, 376.65, 378.94],
    "enthalpy_super": [350.12, 356.41, 362.55, 368.51, 374.21, 379.58, 384.54, 388.97, 392.72],
    "bubblepoint_C": [-40.72, -30.66, -20.61, -10.56, -0.51, 9.53, 19.57, 29.62, 39.66]
  },
  "R134a": {
    "temperature_C": [-40, -30, -20, -10, 0, 10, 20, 30, 40, 50],
    "pressure_bar": [, , , , , , , , , ],
    "density_liquid": [, , , , , , , , , ],
    "density_vapor": [, , , , , , , , , ],
    "enthalpy_liquid": [, , , , , , , , , ],
    "enthalpy_vapor": [, , , , , , , , , ],
    "enthalpy_super": [, , , , , , , , , ],
    "bubblepoint_C": [, , , , , , , , , ]
  },
  "R407F": {
    "temperature_C": [-40, -30, -20, -10, 0, 10, 20, 30, 40, 50],
    "pressure_bar": [, , , , , , , , , ],
    "density_liquid": [, , , , , , , , , ],
    "density_vapor": [, , , , , , , , , ],
    "enthalpy_liquid": [, , , , , , , , , ],
    "enthalpy_vapor": [, , , , , , , , , ],
    "enthalpy_super": [, , , , , , , , , ],
    "bubblepoint_C": [, , , , , , , , , ]
  },
  "R744": {
    "temperature_C": [-50, -40, -30, -20, -10, 0, 10, 20, 30],
    "pressure_bar": [, , , , , , , , ],
    "density_liquid": [, , , , , , , , ],
    "density_vapor": [, , , , , , , , ],
    "enthalpy_liquid": [, , , , , , , , ],
    "enthalpy_vapor": [, , , , , , , , ],
    "enthalpy_super": [, , , , , , , , ],
    "bubblepoint_C": [, , , , , , , , ]
  },
  "R410A": {
    "temperature_C": [-40, -30, -20, -10, 0, 10, 20, 30, 40, 50],
    "pressure_bar": [, , , , , , , , , ],
    "density_liquid": [, , , , , , , , , ],
    "density_vapor": [, , , , , , , , , ],
    "enthalpy_liquid": [, , , , , , , , , ],
    "enthalpy_vapor": [, , , , , , , , , ],
    "enthalpy_super": [, , , , , , , , , ],
    "bubblepoint_C": [, , , , , , , , , ]
  },
  "R407C": {
    "temperature_C": [-40, -30, -20, -10, 0, 10, 20, 30, 40, 50],
    "pressure_bar": [, , , , , , , , , ],
    "density_liquid": [, , , , , , , , , ],
    "density_vapor": [, , , , , , , , , ],
    "enthalpy_liquid": [, , , , , , , , , ],
    "enthalpy_vapor": [, , , , , , , , , ],
    "enthalpy_super": [, , , , , , , , , ],
    "bubblepoint_C": [, , , , , , , , , ]
  },
  "R507A": {
    "temperature_C": [-40, -30, -20, -10, 0, 10, 20, 30, 40, 50],
    "pressure_bar": [, , , , , , , , , ],
    "density_liquid": [, , , , , , , , , ],
    "density_vapor": [, , , , , , , , , ],
    "enthalpy_liquid": [, , , , , , , , , ],
    "enthalpy_vapor": [, , , , , , , , , ],
    "enthalpy_super": [, , , , , , , , , ],
    "bubblepoint_C": [, , , , , , , , , ]
  },
  "R448A": {
    "temperature_C": [-40, -30, -20, -10, 0, 10, 20, 30, 40, 50],
    "pressure_bar": [, , , , , , , , , ],
    "density_liquid": [, , , , , , , , , ],
    "density_vapor": [, , , , , , , , , ],
    "enthalpy_liquid": [, , , , , , , , , ],
    "enthalpy_vapor": [, , , , , , , , , ],
    "enthalpy_super": [, , , , , , , , , ],
    "bubblepoint_C": [, , , , , , , , , ]
  },
  "R449A": {
    "temperature_C": [-40, -30, -20, -10, 0, 10, 20, 30, 40, 50],
    "pressure_bar": [, , , , , , , , , ],
    "density_liquid": [, , , , , , , , , ],
    "density_vapor": [, , , , , , , , , ],
    "enthalpy_liquid": [, , , , , , , , , ],
    "enthalpy_vapor": [, , , , , , , , , ],
    "enthalpy_super": [, , , , , , , , , ],
    "bubblepoint_C": [, , , , , , , , , ]
  },
  "R22": {
    "temperature_C": [-40, -30, -20, -10, 0, 10, 20, 30, 40, 50],
    "pressure_bar": [, , , , , , , , , ],
    "density_liquid": [, , , , , , , , , ],
    "density_vapor": [, , , , , , , , , ],
    "enthalpy_liquid": [, , , , , , , , , ],
    "enthalpy_vapor": [, , , , , , , , , ],
    "enthalpy_super": [, , , , , , , , , ],
    "bubblepoint_C": [, , , , , , , , , ]
  },
  "R32": {
    "temperature_C": [-40, -30, -20, -10, 0, 10, 20, 30, 40, 50],
    "pressure_bar": [, , , , , , , , , ],
    "density_liquid": [, , , , , , , , , ],
    "density_vapor": [, , , , , , , , , ],
    "enthalpy_liquid": [, , , , , , , , , ],
    "enthalpy_vapor": [, , , , , , , , , ],
    "enthalpy_super": [, , , , , , , , , ],
    "bubblepoint_C": [, , , , , , , , , ]
  },
  "R454A": {
    "temperature_C": [-40, -30, -20, -10, 0, 10, 20, 30, 40, 50],
    "pressure_bar": [, , , , , , , , , ],
    "density_liquid": [, , , , , , , , , ],
    "density_vapor": [, , , , , , , , , ],
    "enthalpy_liquid": [, , , , , , , , , ],
    "enthalpy_vapor": [, , , , , , , , , ],
    "enthalpy_super": [, , , , , , , , , ],
    "bubblepoint_C": [, , , , , , , , , ]
  }
}
