{
  "R404A": {
    "superheat": [0, 10, 20, 30, 40, 50, 60],
    "223.15": [4.441847, 4.22208, 4.026585, 3.85092, 3.691767, 3.546577, 3.413356],
    "233.15": [6.984483, 6.635871, 6.327707, 6.052003, 5.803012, 5.576403, 5.368838],
    "243.15": [10.548252, 10.010212, 9.538679, 9.119427, 8.742555, 8.400792, 8.088623],
    "253.15": [15.408968, 14.594157, 13.888288, 13.265866, 12.709873, 12.208158, 11.751684],
    "263.15": [21.904724, 20.685018, 19.644059, 18.735983, 17.931459, 17.210153, 16.557272],
    "273.15": [30.465499, 28.647037, 27.124884, 25.815419, 24.667448, 23.646644, 22.728704],
    "283.15": [41.664075, 38.941009, 36.720294, 34.844289, 33.221523, 31.793229, 30.519204],
    "293.15": [56.306242, 52.17114, 48.919054, 46.236384, 43.954636, 41.971496, 40.219842],
    "303.15": [75.60513, 69.162158, 64.351971, 60.506207, 57.303599, 54.562629, 52.170001]
  }, 
  "R134a": {
    "superheat": [0, 10, 20, 30, 40, 50, 60],
    "223.15": [1.649626, 1.573926, 1.505583, 1.443377, 1.386412, 1.333988, 1.285544],
    "233.15": [2.769499, 2.643897, 2.5308, 2.428002, 2.33393, 2.24738, 2.167396],
    "243.15": [4.425653, 4.225411, 4.04573, 3.882875, 3.734125, 3.597442, 3.471229],
    "253.15": [6.784495, 6.474147, 6.197773, 5.948383, 5.721309, 5.513138, 5.321246],
    "263.15": [10.041153, 9.571647, 9.157152, 8.785393, 8.448417, 8.140558, 7.857534],
    "273.15": [14.428201, 13.729744, 13.119893, 12.577217, 12.088238, 11.643579, 11.236298],
    "283.15": [20.225768, 19.198087, 18.313055, 17.533298, 16.83599, 16.205645, 15.631043],
    "293.15": [27.780265, 26.276259, 25.003105, 23.895184, 22.913678, 22.032967, 21.234912],
    "303.15": [37.535298, 35.332925, 33.508752, 31.945567, 30.576681, 29.359444, 28.264437]
  }, 
  "R407F": {
    "superheat": [0, 10, 20, 30, 40, 50, 60], 
    "223.15": [2.68107, 2.552821, 2.438324, 2.33492, 2.240778, 2.15453, 2.075108],
    "233.15": [4.395479, 4.184848, 3.997932, 3.829755, 3.677017, 3.537313, 3.408801],
    "243.15": [6.880025, 6.545853, 6.251672, 5.988395, 5.750189, 5.532911, 5.333441],
    "253.15": [10.36126, 9.844812, 9.394731, 8.994749, 8.634723, 8.307615, 8.008231],
    "263.15": [15.111772, 14.328553, 13.654391, 13.060549, 12.529583, 12.049666, 11.612231],
    "273.15": [21.466363, 20.29281, 19.297882, 18.431056, 17.662479, 16.972367, 16.346663],
    "283.15": [29.849713, 28.10045, 26.645129, 25.394402, 24.296938, 23.319559, 22.43921],
    "293.15": [40.82486, 38.211018, 36.088804, 34.296131, 32.743342, 31.374289, 30.151],
    "303.15": [55.178489, 51.228585, 48.125174, 45.56093, 43.375177, 41.4715, 39.786865]
  }, 
  "R744": {
    "superheat": [0, 10, 20, 30, 40, 50, 60], 
    "223.15": [17.924829, 16.879759, 15.981727, 15.195795, 14.498312, 13.872612, 13.306455],
    "233.15": [26.120733, 24.507704, 23.146937, 21.971343, 20.93795, 20.017622, 19.189584],
    "243.15": [37.098074, 34.613648, 32.570976, 30.836723, 29.33136, 28.003462, 26.817623],
    "253.15": [51.699536, 47.837922, 44.776043, 42.236127, 40.067283, 38.177423, 36.505703],
    "263.15": [71.184786, 65.045945, 60.426124, 56.71126, 53.605476, 50.940641, 48.61099],
    "273.15": [97.647336, 87.471565, 80.395559, 74.940907, 70.502649, 66.766715, 63.547051],
    "283.15": [135.156493, 116.976341, 105.874871, 97.7991, 91.451057, 86.230827, 81.807832],
    "288.15": [160.729549, 135.248093, 121.178701, 111.312622, 103.713938, 97.547975, 92.373103],
    "293.15": [194.201594, 156.531271, 138.54108, 126.453416, 117.351439, 110.07104, 104.022334],
    "298.15": [242.732407, 181.524819, 158.311518, 143.460727, 132.549503, 123.954435, 116.888984],
    "300.15": [271.014698, 192.770156, 167.000851, 150.861859, 139.125872, 129.939562, 122.421089],
    "302.15": [312.031164, 204.858171, 176.207884, 158.657336, 146.029139, 136.208169, 128.205993],
    "303.15": [345.102313, 211.265533, 181.033833, 162.724444, 149.621169, 139.464222, 131.207017]
  },
  "R410A": {
    "superheat": [0, 10, 20, 30, 40, 50, 60], 
    "223.15": [4.453941, 4.224521, 4.024279, 3.845944, 3.685175, 3.538977, 3.405128],
    "233.15": [6.988461, 6.621692, 6.304904, 6.024646, 5.773145, 5.545185, 5.336973],
    "243.15": [10.547668, 9.976672, 9.48954, 9.062153, 8.680913, 8.336902, 8.023768],
    "253.15": [15.415406, 14.543339, 13.810056, 13.17319, 12.609335, 12.103475, 11.645107],
    "263.15": [21.94225, 20.626496, 19.539028, 18.606035, 17.787605, 17.058641, 16.401908],
    "273.15": [30.576312, 28.600928, 27.002358, 25.651334, 24.479629, 23.445259, 22.519966],
    "283.15": [41.919784, 38.941686, 36.598386, 34.655208, 32.993548, 31.542475, 30.255497],
    "293.15": [56.819819, 52.271565, 48.82595, 46.037825, 43.694896, 41.67553, 39.90272],
    "303.15": [76.55632, 69.438248, 64.326121, 60.319531, 57.024552, 54.228913, 51.804009]
  },
  "R407C": {
    "superheat": [0, 10, 20, 30, 40, 50, 60], 
    "223.15": [2.394139,2.281014,2.179672,2.087937,2.004277,1.927533,1.856792],
    "233.15": [3.953714,3.76726,3.601072,3.451104,3.314608,3.189553,3.074366],
    "243.15": [6.22754,5.931062,5.668659,5.432968,5.219152,5.023718,4.844011],
    "253.15": [9.428714,8.970059,8.567785,8.208733,7.884508,7.589195,7.318374],
    "263.15": [13.812316,13.116908,12.513847,11.979911,11.500687,11.066253,10.669338],
    "273.15": [19.688807,18.64854,17.75887,16.979085,16.284577,15.658789,15.089819],
    "283.15": [27.447172,25.901595,24.602426,23.477942,22.486018,21.598995,20.797411],
    "293.15": [37.594258,35.297332,33.408789,31.7998,30.397329,29.154824,28.040363],
    "303.15": [50.824171,47.382049,44.633619,42.338665,40.367673,38.641265,37.106702]
  }
 }
