{
  "R404A": {
    "temperature_C": [-40, -30, -20, -10, 0, 10, 20, 30, 40],
    "pressure_bar": [1.30975166, 2.02232397, 3.00192041, 4.30764777, 6.00330352, 8.15748286, 10.84414254, 14.14385859, 18.14647406],
    "density_liquid": [1289.18, 1257.16, 1223.87, 1188.95, 1151.97, 1112.35, 1069.23, 1021.35, 966.64],
    "density_vapor": [6.98, 10.55, 15.41, 21.9, 30.47, 41.66, 56.31, 75.61, 101.57],
    "enthalpy_liquid": [144.75, 157.59, 170.68, 184.06, 197.8, 211.95, 226.62, 241.94, 258.12],
    "enthalpy_vapor": [342.04, 347.95, 353.67, 359.16, 364.33, 369.08, 373.25, 376.65, 378.94],
    "enthalpy_super": [350.12, 356.41, 362.55, 368.51, 374.21, 379.58, 384.54, 388.97, 392.72],
    "bubblepoint_C": [-40.72, -30.66, -20.61, -10.56, -0.51, 9.53, 19.57, 29.62, 39.66]
  },
  "R134a": {
    "temperature_C": [-40, -30, -20, -10, 0, 10, 20, 30, 40, 50],
    "pressure_bar": [0.51208976, 0.84377743, 1.32734979, 2.00603307, 2.92803182, 4.14607467, 5.71706909, 7.70196303, 10.16593022, 13.1790549],
    "density_liquid": [1417.7, 1388.4, 1358.27, 1327.13, 1294.78, 1260.96, 1225.33, 1187.46, 1146.74, 1102.31],
    "density_vapor": [2.77, 4.43, 6.78, 10.04, 14.43, 20.23, 27.78, 37.54, 50.09, 66.27],
    "enthalpy_liquid": [148.14, 160.79, 173.64, 186.7, 200, 213.58, 227.47, 241.72, 256.41, 271.62],
    "enthalpy_vapor": [374, 380.32, 386.55, 392.66, 398.6, 404.32, 409.75, 414.82, 419.43, 423.44],
    "enthalpy_super": [381.53, 388.15, 394.71, 401.18, 407.51, 413.67, 419.6, 425.24, 430.54, 435.39],
    "bubblepoint_C": [-40, -30, -20, -10, 0, 10, 20, 30, 40, 50]
  },
  "R407F": {
    "temperature_C": [-40, -30, -20, -10, 0, 10, 20, 30, 40, 50],
    "pressure_bar": [0.99634444, 1.6009297, 2.46157446, 3.64436099, 5.22218397, 7.27465688, 9.8885883, 13.15922015, 17.19284935, 22.1122955],
    "density_liquid": [1373.51, 1341.71, 1308.85, 1274.68, 1238.85, 1200.94, 1160.36, 1116.31, 1067.55, 1012.17],
    "density_vapor": [4.4, 6.88, 10.36, 15.11, 21.47, 29.85, 40.82, 55.18, 74.09, 99.48],
    "enthalpy_liquid": [137.01, 150.62, 164.45, 178.52, 192.9, 207.67, 222.9, 238.72, 255.3, 272.9],
    "enthalpy_vapor": [394.48, 400.07, 405.41, 410.46, 415.14, 419.37, 423.04, 425.97, 427.94, 428.57],
    "enthalpy_super": [402.31, 408.27, 414.04, 419.55, 424.76, 429.6, 433.98, 437.8, 440.92, 443.15],
    "bubblepoint_C": [-46.4, -36.23, -26.04, -15.85, -5.64, 4.59, 14.85, 25.14, 35.48, 45.9]
  },
  "R744": {
    "temperature_C": [-50, -40, -30, -20, -10, 0, 10, 15, 20, 25, 27, 29, 30],
    "pressure_bar": [6.82341615, 10.04495728, 14.27761693, 19.69628002, 26.48676671, 34.85140758, 45.02182914, 50.87147358, 57.29052582, 64.34244251, 67.36148578, 70.5088742, 72.13687382],
    "density_liquid": [1154.56, 1116.43, 1075.73, 1031.66, 982.93, 927.43, 861.12, 821.21, 773.39, 710.5, 676.36, 629.36, 593.31],
    "density_vapor": [17.92, 26.12, 37.1, 51.7, 71.18, 97.65, 135.16, 160.73, 194.2, 242.73, 271.01, 312.03, 345.1],
    "enthalpy_liquid": [92.94, 112.9, 133.34, 154.45, 176.52, 200, 225.73, 239.99, 255.87, 274.78, 284.14, 296.07, 304.55],
    "enthalpy_vapor": [432.68, 435.32, 436.82, 436.89, 435.14, 430.89, 422.88, 416.64, 407.87, 394.43, 386.39, 374.61, 365.13],
    "enthalpy_super": [442.05, 445.42, 447.84, 449.13, 449.08, 447.38, 443.58, 440.73, 437.1, 432.59, 430.51, 428.23, 427.02],
    "bubblepoint_C": [-50, -40, -30, -20, -10, 0, 10, 15, 20, 25, 27, 29, 30]
  },
  "R410A": {
    "temperature_C": [-40, -30, -20, -10, 0, 10, 20, 30, 40, 50],
    "pressure_bar": [1.7485276, 2.69349179, 3.99295977, 5.72654132, 7.98054519, 10.8480888, 14.42978834, 18.83531853, 24.18698499, 30.62830876],
    "density_liquid": [1313.3, 1280.08, 1245.44, 1209.04, 1170.39, 1128.87, 1083.62, 1033.36, 976.06, 907.65],
    "density_vapor": [6.99, 10.55, 15.42, 21.94, 30.58, 41.92, 56.81, 76.55, 103.27, 141.14],
    "enthalpy_liquid": [143.25, 157.26, 171.52, 186.09, 201.06, 216.5, 232.56, 249.42, 267.33, 286.83],
    "enthalpy_vapor": [406.26, 410.97, 415.3, 419.18, 422.52, 425.17, 426.94, 427.53, 426.47, 422.93],
    "enthalpy_super": [414.68, 419.88, 424.76, 429.27, 433.31, 436.81, 439.64, 441.65, 442.67, 442.44],
    "bubblepoint_C": [-40.08, -30.09, -20.09, -10.1, -0.1, 9.89, 19.88, 29.88, 39.88, 49.89]
  },
  "R407C": {
    "temperature_C": [-40, -30, -20, -10, 0, 10, 20, 30, 40, 50],
    "pressure_bar": [0.85668052, 1.38689585, 2.14692527, 3.19781247, 4.60713435, 6.44881733, 8.80339431, 11.75895583, 15.4132044, 19.87767776],
    "density_liquid": [1391.19, 1359.8, 1327.42, 1293.8, 1258.66, 1221.6, 1182.1, 1139.44, 1092.6, 1039.92],
    "density_vapor": [3.95, 6.23, 9.43, 13.81, 19.69, 27.45, 37.59, 50.82, 68.15, 91.17],
    "enthalpy_liquid": [137.02, 150.42, 164.03, 177.87, 192.01, 206.51, 221.43, 236.89, 253.03, 270.07],
    "enthalpy_vapor": [388.62, 394.41, 399.99, 405.33, 410.35, 414.98, 419.13, 422.64, 425.34, 426.92],
    "enthalpy_super": [396.35, 402.49, 408.47, 414.23, 419.74, 424.93, 429.72, 434.02, 437.72, 440.65],
    "bubblepoint_C": [-47.06, -36.88, -26.69, -16.49, -6.27, 3.97, 14.24, 24.55, 34.91, 45.33]
  },
  "R507A": {
    "temperature_C": [-40, -30, -20, -10, 0, 10, 20, 30, 40, 50],
    "pressure_bar": [1.38661521, 2.12842342, 3.14394428, 4.49286938, 6.23958735, 8.4533332, 11.20878263, 14.58735677, 18.67999964, 23.59340938],
    "density_liquid": [1295.57, 1263.18, 1229.44, 1194, 1156.38, 1115.98, 1071.89, 1022.74, 966.25, 897.98],
    "density_vapor": [7.51, 11.28, 16.41, 23.25, 32.25, 44.03, 59.44, 79.8, 107.32, 146.36],
    "enthalpy_liquid": [145.87, 158.55, 171.49, 184.74, 198.34, 212.38, 226.94, 242.16, 258.28, 275.72],
    "enthalpy_vapor": [338.4, 344.25, 349.92, 355.34, 360.45, 365.12, 369.2, 372.47, 374.59, 374.89],
    "enthalpy_super": [346.45, 352.68, 358.77, 364.67, 370.3, 375.61, 380.49, 384.84, 388.49, 391.24],
    "bubblepoint_C": [-40, -30.01, -20.01, -10.02, -0.02, 9.97, 19.97, 29.97, 39.96, 49.97]
  },
  "R448A": {
    "temperature_C": [-40, -30, -20, -10, 0, 10, 20, 30, 40, 50],
    "pressure_bar": [1.01049572, 1.61068297, 2.45927639, 3.6187175, 5.1577054, 7.15121528, 9.68105038, 12.83717265, 16.72038867, 21.44782519],
    "density_liquid": [1350.09, 1319.09, 1286.98, 1253.51, 1218.34, 1181.07, 1141.11, 1097.67, 1049.55, 994.8],
    "density_vapor": [4.69, 7.29, 10.9, 15.8, 22.33, 30.9, 42.09, 56.68, 75.87, 101.58],
    "enthalpy_liquid": [141.37, 154.61, 168.07, 181.81, 195.87, 210.32, 225.25, 240.78, 257.06, 274.37],
    "enthalpy_vapor": [382.89, 388.69, 394.3, 399.64, 404.67, 409.29, 413.4, 416.82, 419.35, 420.62],
    "enthalpy_super": [390.78, 396.95, 402.95, 408.74, 414.26, 419.44, 424.21, 428.46, 432.07, 434.84],
    "bubblepoint_C": [-46.17, -36.07, -25.97, -15.85, -5.72, 4.45, 14.64, 24.88, 35.19, 45.58]
  },
  "R449A": {
    "temperature_C": [-40, -30, -20, -10, 0, 10, 20, 30, 40, 50],
    "pressure_bar": [1.009, 1.607, 2.451, 3.602, 5.13, 7.107, 9.615, 12.744, 16.593, 21.281],
    "density_liquid": [1349.52766531714, 1319.26121372032, 1287.00128700129, 1253.1328320802, 1218.02679658953, 1180.63754427391, 1140.25085518814, 1096.49122807018, 1048.2180293501, 993.04865938431],
    "density_vapor": [4.74081266062466, 7.35414163194286, 10.9892162820624, 15.9196883561807, 22.4826714809561, 31.1085532967289, 42.3718041066752, 57.0818610969992, 76.4607832642638, 102.540965115564],
    "enthalpy_liquid": [138.15, 151.25, 164.58, 178.18, 192.14, 206.49, 221.33, 236.78, 252.99, 270.23],
    "enthalpy_vapor": [376.5, 382.29, 387.88, 393.21, 398.23, 402.84, 406.93, 410.33, 412.82, 414.01],
    "enthalpy_super": [384.38, 390.54, 396.53, 402.32, 407.84, 413.02, 417.79, 422.05, 425.65, 428.41],
    "bubblepoint_C": [-46.08, -35.96, -25.85, -15.73, -5.6, 4.56, 14.75, 24.99, 35.29, 45.68]
  },
  "R22": {
    "temperature_C": [-40, -30, -20, -10, 0, 10, 20, 30, 40, 50],
    "pressure_bar": [1.05231303, 1.63887522, 2.45312649, 3.54785989, 4.97987892, 6.80948299, 9.10018389, 11.91876163, 15.33579712, 19.42688367],