{
  "density": {
    "temperature": [-50, -40, -30, -20, -10, 0, 10, 15, 20, 25, 27, 29, 30, 31, 32, 33, 35, 37, 40, 45, 50, 60, 70, 80, 90, 100, 110, 120, 130, 140, 150, 160, 170, 180, 190, 200],
    "73.8": [1169.519005, 1133.536824, 1095.344217, 1054.21154, 1009.020489, 957.8839515, 897.0492643, 860.4511589, 816.4267687, 757.8081122, 725.566932, 680.1812607, 644.1468582, 417.6196846, 308.6708624, 284.3771517, 257.3490464, 240.3688236, 222.6308778, 202.5874583, 188.4058415, 168.5035581, 154.4990201, 143.7467777, 135.0600934, 127.8013618, 121.5877774, 116.1714216, 111.3825893, 107.1000773, 103.2343593, 99.71746967, 96.4966223, 93.53002346, 90.78403181, 88.23117755],
    "75": [1169.771998, 1133.837571, 1095.708435, 1054.664145, 1009.604441, 958.6824662, 898.258939, 862.0494415, 818.7407024, 761.865813, 731.3443257, 690.3821982, 661.1009358, 614.1679394, 365.9264391, 311.4740567, 272.9659148, 252.0705078, 231.5320046, 209.279254, 193.9348444, 172.7781456, 158.0822193, 146.8797007, 137.8710485, 130.3678487, 123.9606799, 118.3861945, 113.4650654, 109.0697463, 105.1063426, 101.5037727, 98.20696168, 95.17239309, 92.36510144, 89.75658065],
    "80": [1170.820981, 1135.083135, 1097.214507, 1056.531384, 1012.004678, 961.9433561, 903.1331692, 868.4044604, 827.7130203, 776.6447628, 751.1008855, 720.287937, 701.7222015, 679.7268715, 652.1225837, 613.6787617, 419.0877251, 324.0227662, 277.8972562, 241.0498054, 219.1829579, 191.6235121, 173.6220656, 160.3373632, 149.8700818, 141.2747906, 134.0116783, 127.7435019, 122.2456228, 117.3610163, 112.9757022, 109.0043948, 105.3816634, 102.0562452, 98.98725293, 96.141568],
    "85": [1171.861761, 1136.316738, 1098.702425, 1058.369453, 1014.353947, 965.1035813, 907.7642463, 874.3287819, 835.7956152, 788.9796514, 766.5371944, 740.7642622, 726.1455123, 709.9415336, 691.6225747, 670.3481601, 612.1194375, 504.0922279, 353.9133535, 281.8117451, 248.9492264, 212.372335, 190.2327214, 174.4855503, 162.3510674, 152.5358727, 144.3324247, 137.3117582, 131.1944682, 125.7886284, 120.9568686, 116.5975864, 112.6335893, 109.004902, 105.6640325, 102.5727553],
    "90": [1172.894487, 1137.538651, 1100.172708, 1060.17944, 1016.654858, 968.1706066, 912.1802477, 879.8875152, 843.1744361, 799.6516335, 779.3810838, 756.7549273, 744.3094887, 730.9137, 716.3562058, 700.3444536, 662.1304611, 610.296701, 485.5019647, 337.5145755, 284.9974786, 235.3919923, 208.0398461, 189.3778753, 175.3395719, 164.1639208, 154.9293632, 147.0939995, 140.3127412, 134.3526432, 129.0492864, 124.2824467, 119.961656, 116.0171964, 112.3942501, 109.0489665],
    "95": [1173.919306, 1138.749134, 1101.62585, 1061.962364, 1018.909801, 971.1510123, 916.4043227, 885.1312971, 849.9804748, 809.1068808, 790.4667839, 770.045211, 759.0190583, 747.3431481, 734.9115772, 721.588129, 691.5031492, 654.9302435, 580.0075176, 414.5590267, 329.628687, 261.1072532, 227.176214, 205.0675115, 188.8595896, 176.1702665, 165.8077259, 157.0923194, 149.6008566, 143.0525636, 137.2519686, 132.0577392, 127.3645169, 123.0917541, 119.1765515, 115.5688951],
    "100": [1174.936359, 1139.948438, 1103.062321, 1063.719186, 1021.120976, 974.0506377, 920.4558183, 890.1003761, 856.3098525, 817.6273812, 800.2689959, 781.5027267, 771.4960401, 761.0089143, 749.9804625, 738.336234, 712.8103459, 683.4025737, 628.6117301, 498.2534781, 384.3271517, 289.951014, 247.7721427, 221.6039451, 202.9321606, 188.5640791, 176.9711823, 167.307674, 159.0583903, 151.8872655, 145.563454, 139.9218646, 134.8405455, 130.2269824, 126.0094111, 122.1310993],
    "105": [1175.945785, 1141.136805, 1104.482572, 1065.450812, 1023.290411, 976.8746941, 924.3510947, 894.8273352, 862.2354004, 825.4040996, 809.0869212, 791.6221019, 782.3930928, 772.7902257, 762.7750366, 752.3022985, 729.7585843, 704.5909545, 660.1495612, 560.7757365, 445.5498516, 322.2206171, 269.9367918, 239.028015, 217.5735424, 201.3515592, 188.421441, 177.7396697, 168.6839608, 160.8549294, 153.9817661, 147.8728358, 142.3878194, 137.4210607, 132.8911259, 128.733998],
    "110": [1176.947716, 1142.31447, 1105.887035, 1067.158099, 1025.419984, 979.6278572, 928.1041303, 899.3389659, 867.8137511, 832.5730243, 817.1228036, 800.715331, 792.1044754, 783.192199, 773.9524727, 764.3556429, 743.9486183, 721.6263614, 683.5216906, 603.1545121, 502.6436188, 357.7941807, 293.7261047, 257.3647585, 232.7928683, 214.5349883, 200.1578097, 188.386341, 178.4751094, 169.9529723, 162.5043741, 155.9082546, 150.0041063, 144.6719317, 139.8198106, 135.3758681],
    "115": [1177.942283, 1143.481659, 1107.276123, 1068.841853, 1027.511434, 982.314342, 931.7269773, 903.6575959, 873.089894, 839.2347735, 824.5204746, 808.99341, 800.8887975, 792.5347984, 783.9128603, 775.0023843, 756.2204526, 735.9649482, 702.1738675, 633.8717014, 548.8444878, 395.785228, 319.0958003, 276.6138012, 248.5892746, 228.1116426, 212.1767182, 199.243919, 188.4281803, 179.1779837, 171.128156, 164.0252911, 157.6868528, 151.9772953, 146.7933933, 142.0548424],
    "120": [1178.929614, 1144.63859, 1108.65023, 1070.502841, 1029.566381, 984.9379644, 935.2301116, 907.8020524, 878.1002187, 845.466077, 831.3862502, 816.6064617, 808.9259522, 801.0350114, 792.9198768, 784.5655846, 767.0722209, 748.4013197, 717.7611503, 657.7370362, 584.7098473, 434.4250017, 345.8472233, 296.7376886, 264.9485733, 242.0726014, 224.471221, 210.3066015, 198.5382064, 188.5256651, 179.8493676, 172.2206666, 165.4331743, 159.3346032, 153.8096139, 148.7689089],
    "125": [1179.90983, 1145.785474, 1110.009738, 1072.141789, 1031.58633, 987.5021933, 938.6227058, 911.7883753, 882.8746146, 851.3268973, 837.8011381, 823.6654955, 816.3466821, 808.8475409, 801.1575392, 793.2654173, 776.8253818, 759.4174999, 731.1972198, 677.2067407, 613.030039, 471.5159486, 373.5893456, 317.6498212, 281.8397093, 256.4015101, 237.0304994, 221.5663309, 208.7988037, 197.9907781, 188.6636153, 180.4906399, 173.2398494, 166.7410567, 160.8660232, 155.5159108],
    "130": [1180.883051, 1146.922517, 1111.35501, 1073.759385, 1033.572691, 990.0101932, 941.9128433, 915.6303553, 887.4379605, 856.8650537, 843.828397, 830.2551224, 823.2492844, 816.0869702, 808.7599169, 801.2594123, 785.7005657, 769.3289285, 743.0374244, 693.649274, 636.1180412, 505.3542807, 401.7489501, 339.2053535, 299.2114773, 271.0734042, 249.8393956, 233.012594, 219.2020796, 207.5671017, 197.5658367, 188.8309993, 181.1033166, 174.1936061, 167.9599839, 162.2935489],
    "135": [1181.849395, 1148.049915, 1112.686395, 1075.356283, 1035.526779, 992.4648608, 945.1076905, 919.3399465, 891.8112061, 862.1193401, 849.5184377, 836.4414284, 829.7096862, 822.8407495, 815.8280069, 808.664564, 793.8564093, 778.3540874, 753.6440884, 707.8921696, 655.5017165, 535.264309, 429.6459316, 361.1996313, 316.9902154, 286.0537431, 262.8780219, 244.6322567, 229.7385619, 217.2474013, 206.5502883, 197.2370586, 189.0196746, 181.6889534, 175.0886735, 169.0993836],
    "140": [1182.808975, 1149.16786, 1114.00423, 1076.933106, 1037.449829, 994.8688558, 948.213635, 922.9275871, 896.0121744, 867.1216926, 854.9121268, 842.2770834, 835.7878431, 829.1772558, 822.4399458, 815.5703577, 801.4111658, 786.6510665, 763.2668396, 720.4692342, 672.1664764, 561.3671854, 456.6157168, 383.3779768, 335.0793561, 301.2978504, 276.1214958, 256.4094525, 240.3971538, 227.0234137, 215.6105427, 205.7036599, 196.9846872, 189.2235569, 182.2490891, 175.9308399],
    "145": [1183.761901, 1150.276538, 1115.308837, 1078.490445, 1039.343, 997.2246274, 951.2363982, 926.4024523, 900.0561662, 871.8987385, 860.0430815, 847.8047848, 841.5319777, 835.151031, 828.6575152, 822.0468868, 808.4555489, 794.3382633, 772.0852256, 731.742742, 686.7665816, 584.1307347, 482.1314264, 405.4571705, 353.3616124, 316.7509659, 289.5398607, 268.3255417, 251.165123, 236.885849, 224.7394964, 214.2251824, 204.9937915, 196.7936386, 189.4380539, 182.7852126],